,Team,Player,Games,Kicks,Handballs,Disposals,Contested Possessions,Metres Gained,Marks,Tackles,Hitouts,Fantasy,Goals,Behinds,Score,Year
0,Geelong,Aasta O'Connor,6,41,16,57,25,940,17,12,78,307,0,0,0,2020.0
1,North Melbourne,Abbey Green,2,8,2,10,2,173,2,1,1,40,2,0,12,2020.0
2,North Melbourne,Aileen Gilroy,7,50,18,68,24,1335,12,8,0,249,0,0,0,2020.0
3,Adelaide,Ailish Considine,4,18,6,24,3,393,5,1,0,90,2,1,13,2020.0
4,GWS Giants,Aimee Schmidt,7,37,12,49,20,979,18,11,3,248,3,5,23,2020.0
5,Melbourne,Ainslie Kemp,2,8,6,14,9,290,0,3,0,41,0,0,0,2020.0
6,Collingwood,Aishling Sheridan,7,26,43,69,38,476,9,15,0,241,2,4,16,2020.0
7,Western Bulldogs,Aisling McCarthy,6,57,24,81,45,1226,20,24,0,367,2,3,15,2020.0
8,Richmond,Akec Makur Chuot,6,44,13,57,23,1218,8,12,0,223,0,0,0,2020.0
9,Collingwood,Alana Porter,7,21,15,36,21,404,6,12,0,140,0,0,0,2020.0
10,Richmond,Alana Woodward,5,6,12,18,12,121,2,17,0,105,0,0,0,2020.0
11,Gold Coast,Alexia Hamilton,1,2,1,3,2,16,0,1,0,13,0,0,0,2020.0
12,Richmond,Alice Edmonds,6,8,22,30,19,159,4,11,82,185,0,1,1,2020.0
13,GWS Giants,Alicia Eva,5,51,23,74,38,974,10,36,0,356,0,2,2,2020.0
14,Melbourne,Aliesha Newman,7,30,23,53,31,690,5,20,0,230,0,7,7,2020.0
15,St Kilda,Alison Brown,6,29,16,45,16,739,8,7,1,173,0,0,0,2020.0
16,Carlton,Alison Downie,7,20,25,45,26,246,14,10,69,257,1,0,6,2020.0
17,St Kilda,Alison Drennan,5,27,35,62,40,550,5,22,0,240,0,0,0,2020.0
18,Brisbane,Ally Anderson,7,73,55,128,54,1357,30,17,0,480,0,2,2,2020.0
19,GWS Giants,Alyce Parker,7,100,48,148,82,2587,19,20,0,497,0,2,2,2020.0
20,Western Bulldogs,Amelia van Oosterwijck,1,1,0,1,1,0,0,5,0,23,0,0,0,2020.0
21,Geelong,Amy McDonald,6,30,46,76,51,742,8,22,0,293,0,0,0,2020.0
22,Adelaide,Angela Foley,6,65,9,74,18,1779,20,14,0,321,1,0,6,2020.0
23,Western Bulldogs,Angelica Gogos,3,15,9,24,13,333,4,10,0,113,0,0,0,2020.0
24,Fremantle,Angelique Stannett,7,39,20,59,34,786,10,18,0,253,0,0,0,2020.0
25,Geelong,Anna Teague,3,9,14,23,13,230,4,6,0,99,2,0,12,2020.0
26,GWS Giants,Annalyse Lister,7,29,27,56,21,685,11,20,0,231,0,0,0,2020.0
27,Adelaide,Anne Hatchard,6,67,85,152,71,1195,28,34,1,590,1,2,8,2020.0
28,West Coast,Ashlee Atkins,6,40,14,54,27,1033,8,19,0,237,1,1,7,2020.0
29,Collingwood,Ashleigh Brazill,4,29,24,53,29,825,10,6,0,185,0,0,0,2020.0
30,Western Bulldogs,Ashleigh Guest,3,13,10,23,8,289,6,6,0,103,0,0,0,2020.0
31,North Melbourne,Ashleigh Riddell,7,112,37,149,69,2515,23,32,0,599,1,4,10,2020.0
32,Fremantle,Ashley Sharp,7,38,9,47,24,1500,11,12,3,251,7,4,46,2020.0
33,West Coast,Ashton Hill,1,1,0,1,0,29,0,0,0,3,0,0,0,2020.0
34,Western Bulldogs,Bailey Hunt,6,45,18,63,12,1065,16,14,0,260,1,0,6,2020.0
35,West Coast,Beatrice Devlyn,6,21,8,29,10,359,6,9,1,132,0,0,0,2020.0
36,West Coast,Belinda Smith,6,43,23,66,30,960,10,17,0,270,0,0,0,2020.0
37,North Melbourne,Bethany Lynch,2,3,3,6,1,63,2,3,0,27,0,0,0,2020.0
38,Fremantle,Bianca Webb,5,18,9,27,13,376,4,11,0,123,0,0,0,2020.0
39,Western Bulldogs,Bonnie Toogood,4,18,11,29,20,308,9,9,0,158,4,2,26,2020.0
40,Carlton,Breann Moody,7,31,20,51,29,1122,10,11,117,322,0,1,1,2020.0
41,Brisbane,Breanna Koenen,7,60,13,73,33,1254,22,33,1,390,0,0,0,2020.0
42,Melbourne,Brenna Tarrant,3,8,3,11,4,106,2,3,0,49,0,0,0,2020.0
43,Collingwood,Brianna Davey,6,56,67,123,61,873,15,32,1,473,0,0,0,2020.0
44,Western Bulldogs,Britney Gutknecht,2,8,6,14,3,220,3,7,0,73,0,0,0,2020.0
45,GWS Giants,Britt Tully,7,56,24,80,48,1052,7,46,0,438,2,3,15,2020.0
46,Collingwood,Brittany Bonnici,7,95,42,137,51,1801,25,30,0,546,0,1,1,2020.0
47,North Melbourne,Brittany Gibson,7,43,15,58,20,1170,15,15,0,255,2,3,15,2020.0
48,Gold Coast,Brittany Perry,7,53,21,74,32,1021,27,16,1,356,3,2,20,2020.0
49,Western Bulldogs,Brooke Lochland,2,16,7,23,10,387,5,5,0,89,0,0,0,2020.0
50,Carlton,Brooke Vernon,1,6,2,8,1,112,1,0,0,25,0,0,0,2020.0
51,Carlton,Brooke Walker,7,30,15,45,23,928,9,18,0,233,5,6,36,2020.0
52,Adelaide,Caitlin Gould,4,22,13,35,23,443,8,6,32,172,1,0,6,2020.0
53,St Kilda,Caitlin Greiser,6,56,2,58,29,1537,16,8,4,293,10,5,65,2020.0
54,Melbourne,Casey Sherriff,7,35,24,59,20,808,15,24,0,298,2,2,14,2020.0
55,Geelong,Cassie Blakeway,1,1,1,2,1,14,1,1,0,6,0,0,0,2020.0
56,West Coast,Cassie Davidson,3,8,9,17,11,154,3,9,0,76,0,0,0,2020.0
57,St Kilda,Cat Phillips,6,40,31,71,34,1149,16,11,0,264,0,0,0,2020.0
58,Brisbane,Cathy Svarc,7,57,30,87,67,1704,6,38,0,393,3,0,18,2020.0
59,Western Bulldogs,Celine Moody,3,6,0,6,3,81,0,2,40,55,0,0,0,2020.0
60,Melbourne,Chantel Emonson,7,37,17,54,19,1057,11,24,0,278,2,0,12,2020.0
61,West Coast,Chantella Perera,5,22,13,35,22,636,9,15,0,174,0,0,0,2020.0
62,Carlton,Charlotte Wilson,6,42,23,65,25,604,27,10,0,289,0,0,0,2020.0
63,Adelaide,Chelsea Biddell,6,30,5,35,16,821,7,9,0,171,3,0,18,2020.0
64,Gold Coast,Cheyenne Hammond,7,29,14,43,19,854,8,16,0,193,0,2,2,2020.0
65,Carlton,Chloe Dalton,7,40,58,98,46,1405,11,23,0,331,0,0,0,2020.0
66,Collingwood,Chloe Molloy,7,59,34,93,36,1188,32,16,0,423,6,4,40,2020.0
67,Richmond,Christina Bernardi,6,33,13,46,20,811,10,10,0,198,3,6,24,2020.0
68,Richmond,Ciara Fitzgerald,1,2,0,2,1,30,0,2,0,14,0,0,0,2020.0
69,St Kilda,Clara Fitzpatrick,5,31,17,48,26,594,13,11,0,209,0,0,0,2020.0
70,St Kilda,Claudia Whitfort,3,10,8,18,14,247,1,5,0,73,0,1,1,2020.0
71,GWS Giants,Cora Staunton,7,51,12,63,32,1300,14,12,0,320,8,7,55,2020.0
72,St Kilda,Courteney Munn,3,9,6,15,6,144,6,6,6,87,0,0,0,2020.0
73,Adelaide,Courtney Cramey,1,5,0,5,2,136,0,2,0,24,0,0,0,2020.0
74,West Coast,Courtney Guard,6,34,14,48,25,865,8,14,0,192,0,0,0,2020.0
75,Adelaide,Courtney Gum,6,36,27,63,38,628,14,14,0,268,3,0,18,2020.0
76,Richmond,Courtney Wakefield,5,27,5,32,15,479,19,13,0,205,4,1,25,2020.0
77,North Melbourne,Daisy Bateman,7,34,22,56,32,637,15,15,0,291,7,2,44,2020.0
78,Melbourne,Daisy Pearce,7,68,36,104,36,1649,19,20,0,403,0,0,0,2020.0
79,Brisbane,Dakota Davidson,6,27,7,34,20,691,11,13,4,177,2,3,15,2020.0
80,West Coast,Dana Hooker,6,85,33,118,75,2020,16,41,0,530,1,0,6,2020.0
81,North Melbourne,Danielle Hardiman,6,38,16,54,19,683,13,6,0,205,0,0,0,2020.0
82,Geelong,Danielle Higgins,6,44,23,67,39,997,13,22,0,325,4,1,25,2020.0
83,Western Bulldogs,Danielle Marshall,6,24,8,32,22,492,5,13,8,171,3,1,19,2020.0
84,Adelaide,Danielle Ponter,6,32,22,54,31,662,14,7,0,236,5,1,31,2020.0
85,West Coast,Danika Pisconeri,3,10,6,16,12,119,4,7,23,105,0,1,1,2020.0
86,St Kilda,Darcy Guttridge,5,17,10,27,13,366,3,13,0,137,2,1,13,2020.0
87,Carlton,Darcy Vescio,7,50,26,76,47,1174,16,15,1,318,4,3,27,2020.0
88,North Melbourne,Daria Bannister,1,0,2,2,3,10,0,2,0,13,0,0,0,2020.0
89,Adelaide,Dayna Cox,6,39,11,50,17,762,15,12,0,224,0,0,0,2020.0
90,Western Bulldogs,Deanna Berry,5,14,6,20,11,409,3,8,0,101,2,0,12,2020.0
91,Gold Coast,Dee Heslop,7,27,5,32,18,733,4,31,0,222,0,0,0,2020.0
92,Geelong,Denby Taylor,2,10,5,15,4,254,3,1,0,47,0,0,0,2020.0
93,Adelaide,Deni Varnhagen,1,5,1,6,2,152,1,1,0,23,0,0,0,2020.0
94,Fremantle,Ebony Antonio,7,53,32,85,41,1501,23,30,1,427,4,2,26,2020.0
95,Adelaide,Ebony Marinoff,6,94,45,139,63,1874,31,47,0,639,0,0,0,2020.0
96,Collingwood,Ebony O'Dea,4,7,16,23,18,176,0,24,0,150,0,0,0,2020.0
97,Melbourne,Eden Zanker,7,42,30,72,43,1034,13,25,77,416,4,3,27,2020.0
98,Western Bulldogs,Eleanor Brown,5,19,14,33,14,419,7,13,0,147,0,0,0,2020.0
99,Western Bulldogs,Elisabeth Georgostathis,6,35,12,47,29,752,5,21,0,214,1,1,7,2020.0
100,Melbourne,Elise O'Dea,7,66,34,100,53,1633,13,27,0,393,0,1,1,2020.0
101,North Melbourne,Elisha King,4,13,12,25,9,255,8,13,0,149,2,0,12,2020.0
102,Collingwood,Eliza Hynes,3,7,9,16,12,114,2,6,45,114,0,0,0,2020.0
103,Richmond,Ella Wood,3,8,6,14,4,189,2,7,0,66,0,1,1,2020.0
104,GWS Giants,Elle Bennetts,7,49,38,87,35,1211,21,13,0,327,0,0,0,2020.0
105,Western Bulldogs,Ellie Blackburn,6,72,32,104,55,1943,13,25,0,434,2,2,14,2020.0
106,GWS Giants,Ellie Brush,1,9,1,10,7,97,0,4,0,47,0,0,0,2020.0
107,North Melbourne,Ellie Gavalas,7,64,29,93,40,1625,13,38,0,436,1,3,9,2020.0
108,Gold Coast,Ellie Hampson,6,28,27,55,22,872,7,21,0,220,0,0,0,2020.0
109,Western Bulldogs,Ellyse Gamble,4,16,7,23,13,366,7,7,0,104,0,0,0,2020.0
110,Adelaide,Eloise Jones,5,29,7,36,18,735,10,18,0,196,3,0,18,2020.0
111,Brisbane,Emily Bates,7,80,59,139,63,1945,23,24,0,489,1,1,7,2020.0
112,West Coast,Emily Bonser,3,7,8,15,8,129,3,2,0,51,0,0,0,2020.0
113,GWS Giants,Emily Goodsir,1,5,7,12,5,92,2,6,0,58,0,1,1,2020.0
114,West Coast,Emily McGuire,3,5,4,9,5,102,3,7,4,65,0,0,0,2020.0
115,North Melbourne,Emma Humphries,1,5,0,5,1,190,3,1,0,28,0,0,0,2020.0
116,North Melbourne,Emma Kearney,7,91,53,144,57,2455,24,31,0,588,3,1,19,2020.0
117,North Melbourne,Emma King,7,27,16,43,23,503,10,25,66,317,4,3,27,2020.0
118,St Kilda,Emma Mackie,2,6,9,15,15,32,2,6,0,61,0,0,0,2020.0
119,Fremantle,Emma O'Driscoll,4,21,8,29,18,340,10,5,0,130,0,0,0,2020.0
120,West Coast,Emma Swanson,6,79,23,102,56,2047,13,27,0,421,1,3,9,2020.0
121,Brisbane,Emma Zielke,7,47,21,68,21,891,18,13,0,286,0,1,1,2020.0
122,Collingwood,Erica Fowler,7,26,18,44,15,592,16,19,9,217,0,2,2,2020.0
123,GWS Giants,Erin McKinnon,5,7,10,17,11,186,3,5,82,137,0,1,1,2020.0
124,Adelaide,Erin Phillips,2,21,5,26,11,473,4,5,0,108,0,1,1,2020.0
125,Fremantle,Evangeline Gooch,6,51,7,58,20,1234,12,10,0,229,0,0,0,2020.0
126,Brisbane,Gabby Collingwood,2,13,3,16,5,317,11,4,0,96,0,1,1,2020.0
127,Western Bulldogs,Gabby Newton,6,37,42,79,52,517,10,42,0,389,0,0,0,2020.0
128,Fremantle,Gabby O'Sullivan,7,38,29,67,42,1066,14,15,0,292,4,2,26,2020.0
129,Richmond,Gabby Seymour,6,23,19,42,25,527,10,16,42,225,0,0,0,2020.0
130,Carlton,Gabriella Pound,7,67,20,87,25,1137,21,11,0,341,0,0,0,2020.0
131,Melbourne,Gabrielle Colvin,5,18,11,29,15,376,5,7,0,109,0,0,0,2020.0
132,Fremantle,Gemma Houghton,7,54,24,78,48,1861,26,20,11,397,4,10,34,2020.0
133,Western Bulldogs,Gemma Lagioia,6,32,20,52,23,694,9,5,0,183,0,1,1,2020.0
134,Geelong,Georgia Clarke,5,16,10,26,13,266,4,3,0,117,4,1,25,2020.0
135,Carlton,Georgia Gee,7,38,33,71,37,944,8,25,0,351,8,0,48,2020.0
136,St Kilda,Georgia Patrikios,6,65,29,94,38,1804,11,20,0,350,0,2,2,2020.0
137,Geelong,Georgie Rankin,4,12,10,22,10,132,4,12,0,106,0,0,0,2020.0
138,Richmond,Grace Campbell,5,30,32,62,48,956,3,28,0,249,0,1,1,2020.0
139,Carlton,Grace Egan,7,50,50,100,55,863,14,32,0,419,2,1,13,2020.0
140,West Coast,Grace Kelly,6,20,12,32,10,438,8,5,5,121,1,2,8,2020.0
141,Brisbane,Greta Bodey,6,24,17,41,26,565,6,18,0,198,2,1,13,2020.0
142,GWS Giants,Haneen Zreika,7,42,47,89,33,1066,17,28,0,372,2,1,13,2020.0
143,Richmond,Hannah Burchell,6,24,14,38,13,569,10,8,0,154,0,0,0,2020.0
144,Gold Coast,Hannah Dunn,6,38,43,81,42,739,13,33,1,355,0,0,0,2020.0
145,Western Bulldogs,Hannah Munyard,3,14,7,21,8,404,5,7,0,102,1,0,6,2020.0
146,St Kilda,Hannah Priest,6,31,27,58,29,570,16,18,0,265,0,0,0,2020.0
147,Western Bulldogs,Hannah Scott,5,38,12,50,18,971,12,15,0,211,0,0,0,2020.0
148,Melbourne,Harriet Cordner,7,32,27,59,38,645,8,20,46,273,0,1,1,2020.0
149,West Coast,Hayley Bullas,6,35,15,50,32,591,5,24,0,237,2,0,12,2020.0
150,Fremantle,Hayley Miller,7,71,26,97,52,2085,20,29,0,457,1,2,8,2020.0
151,Richmond,Holly Whitford,4,16,3,19,11,435,0,7,0,72,0,0,0,2020.0
152,Richmond,Iilish Ross,1,6,2,8,1,177,1,3,0,38,0,0,0,2020.0
153,West Coast,Imahra Cameron,6,58,25,83,44,1351,15,21,0,357,1,4,10,2020.0
154,GWS Giants,Ingrid Nielsen,4,14,3,17,13,303,6,3,22,95,0,0,0,2020.0
155,Brisbane,Isabel Dawes,7,22,19,41,21,493,7,12,0,148,0,0,0,2020.0
156,Western Bulldogs,Isabel Huntington,5,49,16,65,32,1440,24,13,0,289,1,1,7,2020.0
157,St Kilda,Isabella Shannon,4,16,7,23,8,216,7,7,0,101,0,0,0,2020.0
158,GWS Giants,Jacinda Barclay,5,23,17,40,21,553,11,12,0,184,1,1,7,2020.0
159,Melbourne,Jacqueline Parry,3,11,15,26,15,226,7,4,0,115,2,1,13,2020.0
160,Gold Coast,Jacqui Yorston,7,51,46,97,62,989,12,48,0,482,2,1,13,2020.0
161,Gold Coast,Jade Pregelj,7,68,15,83,56,1781,13,13,0,312,0,1,1,2020.0
162,Collingwood,Jaimee Lambert,7,101,55,156,84,2417,13,45,0,649,3,3,21,2020.0
163,Adelaide,Jaimi Tabb,3,14,3,17,6,257,7,6,0,91,0,1,1,2020.0
164,Gold Coast,Jamie Stanton,7,89,31,120,68,2061,20,26,0,471,2,3,15,2020.0
165,Fremantle,Janelle Cuthbertson,5,18,9,27,17,383,6,11,0,129,0,0,0,2020.0
166,Fremantle,Jasmin Stewart,7,51,19,70,38,1366,9,20,0,299,3,0,18,2020.0
167,North Melbourne,Jasmine Garner,7,99,42,141,75,2263,32,33,0,662,8,3,51,2020.0
168,North Melbourne,Jasmine Grierson,6,43,11,54,10,657,22,1,0,223,0,0,0,2020.0
169,Gold Coast,Jasmyn Hewett,6,15,16,31,23,328,0,21,33,199,0,1,1,2020.0
170,Carlton,Jayde van Dyk,1,4,7,11,2,96,2,6,0,57,0,0,0,2020.0
171,North Melbourne,Jenna Bruton,7,68,54,122,72,1379,15,40,0,486,0,0,0,2020.0
172,Adelaide,Jess Foley,4,27,19,46,27,628,13,9,63,246,0,0,0,2020.0
173,Carlton,Jess Hosking,6,45,21,66,19,770,22,22,0,321,0,0,0,2020.0
174,North Melbourne,Jess Trend,7,21,21,42,13,332,12,12,0,170,1,0,6,2020.0
175,Brisbane,Jess Wuetschner,5,30,15,45,20,670,12,12,0,222,3,2,20,2020.0
176,Brisbane,Jesse Wardlaw,7,32,13,45,22,649,21,9,23,292,9,4,58,2020.0
177,GWS Giants,Jessica Allan,6,28,14,42,22,673,10,8,104,275,0,0,0,2020.0
178,GWS Giants,Jessica Dal Pos,7,47,22,69,27,1112,15,8,0,266,1,0,6,2020.0
179,Carlton,Jessica Edwards,5,16,19,35,16,449,7,10,0,132,0,0,0,2020.0
180,St Kilda,Jessica Sedunary,4,17,11,28,12,442,3,11,0,128,2,1,13,2020.0
181,Brisbane,Jessy Keeffe,7,9,18,27,15,157,3,18,114,238,0,1,1,2020.0
182,Carlton,Joanne Doonan,2,7,1,8,5,74,1,7,0,53,0,2,2,2020.0
183,GWS Giants,Jodie Hicks,7,35,23,58,29,581,10,21,0,270,1,4,10,2020.0
184,Geelong,Jordan Ivey,5,30,17,47,13,891,6,24,0,222,0,0,0,2020.0
185,Collingwood,Jordan Membrey,7,38,19,57,32,643,19,19,0,310,7,0,42,2020.0
186,Gold Coast,Jordann Hickey,7,50,14,64,27,1481,8,17,0,269,1,1,7,2020.0
187,Collingwood,Jordyn Allen,7,34,25,59,14,723,20,3,1,227,1,2,8,2020.0
188,Geelong,Julia Crockett-Grills,6,52,32,84,33,1241,13,22,0,358,2,3,15,2020.0
189,Adelaide,Justine Mules,6,43,24,67,30,996,7,15,0,250,0,0,0,2020.0
190,North Melbourne,Kaitlyn Ashmore,7,44,10,54,20,1032,16,20,0,312,9,3,57,2020.0
191,Gold Coast,Kalinda Howarth,7,54,17,71,35,1523,10,16,0,351,9,2,56,2020.0
192,Fremantle,Kara Antonio,7,56,24,80,31,1527,25,36,0,443,1,0,6,2020.0
193,Melbourne,Karen Paxman,7,97,52,149,74,2326,21,29,0,582,1,2,8,2020.0
194,Geelong,Kate Darby,3,21,5,26,13,459,9,7,19,152,1,2,8,2020.0
195,Richmond,Kate Dempsey,1,7,3,10,3,89,6,4,0,58,0,0,0,2020.0
196,Fremantle,Kate Flood,7,24,2,26,14,582,3,8,0,130,5,1,31,2020.0
197,North Melbourne,Kate Gillespie-Jones,7,41,43,84,44,1044,20,28,17,399,3,2,20,2020.0
198,Melbourne,Kate Hore,7,59,30,89,49,1534,23,27,0,440,5,4,34,2020.0
199,Brisbane,Kate Lutkins,7,75,18,93,47,1750,31,22,0,437,1,0,6,2020.0
200,St Kilda,Kate McCarthy,4,26,10,36,20,803,6,8,0,157,1,0,6,2020.0
201,West Coast,Kate Orme,3,11,3,14,6,246,2,2,0,45,0,0,0,2020.0
202,St Kilda,Kate Shierlaw,6,28,18,46,22,563,16,6,23,214,2,3,15,2020.0
203,Gold Coast,Kate Surman,7,52,44,96,64,1142,14,36,0,448,3,3,21,2020.0
204,Richmond,Katie Brennan,4,38,11,49,34,865,6,16,0,207,1,4,10,2020.0
205,Carlton,Katie Loynes,7,46,21,67,48,1058,13,32,0,363,1,2,8,2020.0
206,Collingwood,Katie Lynch,1,2,3,5,2,54,1,1,0,21,0,0,0,2020.0
207,Fremantle,Katie-Jayne Grieve,7,61,13,74,48,1799,7,51,0,439,2,2,14,2020.0
208,Western Bulldogs,Katy Herron,6,24,17,41,16,459,6,13,0,174,0,0,0,2020.0
209,West Coast,Kellie Gibson,6,34,7,41,12,779,11,15,0,207,0,2,2,2020.0
210,St Kilda,Kelly O'Neill,3,8,4,12,4,183,1,2,0,44,0,0,0,2020.0
211,Carlton,Kerryn Harrington,7,62,34,96,37,1355,31,13,0,390,0,0,0,2020.0
212,Fremantle,Kiara Bowers,7,98,25,123,76,2257,18,99,0,773,1,1,7,2020.0
213,Western Bulldogs,Kim Rennie,6,25,21,46,32,632,9,16,94,300,1,0,6,2020.0
214,Western Bulldogs,Kirsten McLeod,6,38,5,43,21,865,13,11,0,239,5,5,35,2020.0
215,Western Bulldogs,Kirsty Lamb,6,56,26,82,37,995,19,26,0,394,3,3,21,2020.0
216,Richmond,Kodi Jacques,6,37,12,49,18,808,7,32,0,257,1,0,6,2020.0
217,Collingwood,Kristy Stratton,1,2,3,5,2,26,0,1,0,16,0,0,0,2020.0
218,Melbourne,Krstel Petrevski,1,1,0,1,1,35,0,1,0,5,0,0,0,2020.0
219,Richmond,Laura Bailey,5,17,14,31,8,468,5,6,0,103,0,2,2,2020.0
220,Richmond,Laura McClelland,5,13,17,30,19,343,6,13,3,130,1,1,7,2020.0
221,Fremantle,Laura Pugh,7,34,20,54,28,727,8,21,0,258,1,1,7,2020.0
222,Gold Coast,Lauren Ahrens,7,56,47,103,49,1706,17,20,0,387,1,1,7,2020.0
223,Brisbane,Lauren Arnell,7,49,31,80,40,1024,16,17,0,337,2,3,15,2020.0
224,Gold Coast,Lauren Bella,7,16,21,37,29,343,6,10,130,262,0,0,0,2020.0
225,Carlton,Lauren Brazzale,7,57,11,68,21,1857,17,17,0,323,2,2,14,2020.0
226,Collingwood,Lauren Butler,7,42,22,64,27,792,17,15,0,266,0,0,0,2020.0
227,Melbourne,Lauren Pearce,2,9,16,25,16,172,3,4,25,109,0,0,0,2020.0
228,Western Bulldogs,Lauren Spark,5,32,12,44,15,570,13,5,0,178,0,0,0,2020.0
229,Richmond,Lauren Tesoriero,4,9,12,21,11,133,3,9,0,86,0,0,0,2020.0
230,Gold Coast,Leah Kaslar,7,29,35,64,45,609,11,22,5,282,0,3,3,2020.0
231,Fremantle,Leah Mascall,6,22,24,46,29,577,6,16,0,193,0,0,0,2020.0
232,Melbourne,Libby Birch,7,68,17,85,28,1173,25,11,0,367,0,0,0,2020.0
233,Melbourne,Lily Mithen,3,26,10,36,16,375,11,4,0,154,2,0,12,2020.0
234,Brisbane,Lily Postlethwaite,7,34,13,47,23,582,13,18,0,233,1,0,6,2020.0
235,Fremantle,Lindal Rohde,5,24,8,32,14,399,6,4,0,122,0,0,0,2020.0
236,GWS Giants,Lisa Steane,6,35,26,61,21,877,13,12,0,239,0,0,0,2020.0
237,GWS Giants,Louise Stephenson,7,37,23,60,27,861,8,15,0,236,0,0,0,2020.0
238,Brisbane,Lucy Bellinger,1,3,0,3,1,86,1,3,0,25,0,0,0,2020.0
239,Carlton,Lucy McEvoy,7,44,47,91,57,1059,13,29,0,399,3,3,21,2020.0
240,Collingwood,Maddie Shevlin,5,26,8,34,12,770,14,6,0,159,0,1,1,2020.0
241,Melbourne,Maddison Gay,7,52,38,90,42,1226,12,32,0,404,2,0,12,2020.0
242,Richmond,Maddy Brancatisano,6,12,20,32,15,250,7,7,0,126,0,1,1,2020.0
243,West Coast,Maddy Collier,5,22,9,31,21,472,4,18,0,159,1,0,6,2020.0
244,Melbourne,Maddy Guerin,2,1,4,5,4,63,0,1,0,10,0,0,0,2020.0
245,Geelong,Maddy McMahon,6,31,24,55,37,656,12,14,0,229,0,0,0,2020.0
246,Geelong,Madeleine Boyd,1,1,1,2,1,11,1,1,1,16,1,0,6,2020.0
247,Geelong,Madeline Keryk,6,46,27,73,28,1020,14,12,0,273,0,0,0,2020.0
248,Geelong,Madisen Maguire,2,4,4,8,6,46,0,6,0,52,1,0,6,2020.0
249,Adelaide,Madison Newman,4,25,7,32,6,726,8,7,0,143,1,1,7,2020.0
250,Carlton,Madison Prespakis,7,88,61,149,79,1949,19,21,0,539,3,3,21,2020.0
251,Brisbane,Maria Moloney,7,43,35,78,44,963,13,22,0,304,0,1,1,2020.0
252,Adelaide,Marijana Rajcic,6,42,24,66,26,756,12,7,0,238,1,0,6,2020.0
253,West Coast,McKenzie Dowrick,5,18,9,27,12,581,5,13,0,139,1,0,6,2020.0
254,Melbourne,Meg Downie,4,11,16,27,17,220,2,7,0,93,0,0,0,2020.0
255,Geelong,Meg McDonald,4,43,14,57,25,1018,16,8,0,232,1,0,6,2020.0
256,West Coast,Melissa Caulfield,1,1,0,1,1,26,0,0,0,0,0,0,0,2020.0
257,Geelong,Melissa Hickey,6,31,20,51,28,460,15,6,1,205,0,0,0,2020.0
258,West Coast,Mhicca Carter,1,2,4,6,2,57,1,0,0,11,0,0,0,2020.0
259,North Melbourne,Mia King,4,14,21,35,21,200,5,15,0,161,1,0,6,2020.0
260,Fremantle,Mia-Rae Clifford,3,11,4,15,11,281,4,6,0,79,2,1,13,2020.0
261,Collingwood,Mikala Cann,7,26,43,69,38,471,14,24,0,320,1,1,7,2020.0
262,West Coast,Mikayla Bowen,6,34,28,62,42,710,5,31,0,290,1,1,7,2020.0
263,Geelong,Millie Brown,6,34,16,50,20,865,9,7,0,179,0,0,0,2020.0
264,Fremantle,Mim Strom,7,19,31,50,34,325,10,21,114,342,0,0,0,2020.0
265,St Kilda,Molly McDonald,6,49,8,57,15,1137,21,13,0,282,2,0,12,2020.0
266,Gold Coast,Molly Ritson,7,37,11,48,17,931,7,4,0,159,0,0,0,2020.0
267,Richmond,Monique Conti,6,61,58,119,66,1963,16,29,0,457,0,2,2,2020.0
268,Adelaide,Montana McKinnon,2,7,7,14,11,83,4,6,33,102,0,0,0,2020.0
269,St Kilda,Nadia von Bertouch,1,1,3,4,3,-13,0,1,0,10,0,0,0,2020.0
270,Adelaide,Najwa Allen,5,25,22,47,22,585,6,4,0,147,0,0,0,2020.0
271,Western Bulldogs,Naomi Ferres,6,31,29,60,35,674,9,16,0,230,0,0,0,2020.0
272,St Kilda,Nat Exon,6,39,21,60,27,819,12,38,0,333,0,2,2,2020.0
273,Brisbane,Nat Grider,7,29,28,57,32,633,7,20,0,238,0,0,0,2020.0
274,Carlton,Natalie Plane,7,60,26,86,28,1574,13,10,0,307,0,0,0,2020.0
275,Richmond,Nekaela Butler,1,2,3,5,3,64,1,3,0,28,0,0,0,2020.0
276,Western Bulldogs,Nell Morris-Dalton,1,5,3,8,3,155,2,5,0,48,0,1,1,2020.0
277,West Coast,Niamh Kelly,6,34,24,58,34,695,9,14,0,206,0,3,3,2020.0
278,Melbourne,Niamh McEvoy,5,14,26,40,13,369,8,8,0,148,1,1,7,2020.0
279,GWS Giants,Nicola Barr,5,34,15,49,13,886,11,5,0,176,0,2,2,2020.0
280,Carlton,Nicola Stevens,7,33,19,52,34,721,14,18,0,260,3,1,19,2020.0
281,St Kilda,Nicola Xenos,6,24,32,56,27,595,7,26,0,256,1,2,8,2020.0
282,North Melbourne,Nicole Bresnehen,3,9,3,12,5,143,4,6,0,64,0,0,0,2020.0
283,Western Bulldogs,Nicole Callinan,3,10,3,13,4,144,2,6,0,68,0,0,0,2020.0
284,Adelaide,Nicole Campbell,5,24,11,35,16,387,6,12,0,150,0,0,0,2020.0
285,Adelaide,Nikki Gore,6,24,15,39,18,382,8,35,0,284,2,1,13,2020.0
286,Geelong,Nina Morrison,6,52,28,80,38,1285,8,25,0,343,1,2,8,2020.0
287,Geelong,Olivia Purcell,6,63,58,121,69,1523,11,19,0,429,4,2,26,2020.0
288,St Kilda,Olivia Vesely,6,63,28,91,46,1138,14,26,0,386,1,1,7,2020.0
289,Brisbane,Orla O'Dwyer,7,27,26,53,29,651,6,13,0,198,1,4,10,2020.0
290,Gold Coast,Paige Parker,7,35,16,51,22,886,8,19,0,240,1,0,6,2020.0
291,West Coast,Parris Laurie,6,20,34,54,28,494,12,16,108,315,0,1,1,2020.0
292,GWS Giants,Pepa Randall,7,25,19,44,19,564,5,14,0,167,0,0,0,2020.0
293,Fremantle,Philipa Seth,7,58,16,74,20,1406,13,15,0,297,0,0,0,2020.0
294,Geelong,Phoebe McWilliams,6,30,25,55,30,871,16,11,0,241,4,1,25,2020.0
295,Richmond,Phoebe Monahan,6,84,19,103,33,2588,16,17,0,394,0,1,1,2020.0
296,St Kilda,Poppy Kelly,3,12,15,27,18,135,5,8,42,160,0,0,0,2020.0
297,Adelaide,Rachelle Martin,1,1,8,9,7,21,1,2,0,30,0,0,0,2020.0
298,GWS Giants,Rebecca Beeson,7,57,55,112,45,1164,14,19,0,398,0,1,1,2020.0
299,Geelong,Rebecca Goring,4,4,6,10,4,95,2,7,0,43,0,0,0,2020.0
300,Richmond,Rebecca Miller,6,23,17,40,17,584,8,9,1,153,0,0,0,2020.0
301,GWS Giants,Rebecca Privitelli,7,41,22,63,36,800,27,10,0,329,6,4,40,2020.0
302,Geelong,Rebecca Webster,6,40,37,77,22,1128,21,16,0,304,0,0,0,2020.0
303,Geelong,Rene Caris,2,4,6,10,5,89,1,4,23,64,0,0,0,2020.0
304,Adelaide,Renee Forth,6,56,11,67,31,952,12,17,0,281,0,0,0,2020.0
305,Geelong,Renee Garing,6,25,42,67,39,517,3,23,0,255,1,1,7,2020.0
306,Brisbane,Rheanne Lugg,7,53,27,80,20,1151,21,12,0,335,3,0,18,2020.0
307,Adelaide,Rhiannon Metcalfe,2,3,3,6,4,131,1,2,8,32,1,1,7,2020.0
308,St Kilda,Rhiannon Watt,6,22,41,63,39,469,15,9,53,284,1,0,6,2020.0
309,Geelong,Richelle Cranston,6,46,37,83,44,1311,12,16,6,353,5,4,34,2020.0
310,St Kilda,Rosie Dillon,6,34,47,81,53,757,7,35,0,350,0,0,0,2020.0
311,Fremantle,Roxanne Roux,6,34,6,40,25,931,13,12,30,255,5,3,33,2020.0
312,Collingwood,Ruby Schleicher,2,8,3,11,5,262,1,2,0,38,0,0,0,2020.0
313,Fremantle,Sabreena Duffy,7,44,14,58,33,1040,10,11,0,300,12,9,81,2020.0
314,Richmond,Sabrina Frederick,6,30,15,45,27,793,15,13,26,258,3,7,25,2020.0
315,Gold Coast,Sally Riley,4,9,17,26,13,302,3,4,1,79,0,0,0,2020.0
316,Gold Coast,Sam Virgo,7,42,14,56,22,1014,9,8,0,205,0,0,0,2020.0
317,St Kilda,Sammie Johnson,1,7,5,12,5,143,2,2,0,45,0,0,0,2020.0
318,Adelaide,Sarah Allan,6,51,24,75,26,1197,21,11,1,302,0,0,0,2020.0
319,Collingwood,Sarah D'Arcy,7,39,25,64,32,798,21,12,0,307,4,11,35,2020.0
320,Collingwood,Sarah Dargan,4,8,20,28,23,182,2,10,0,105,0,1,1,2020.0
321,Fremantle,Sarah Garstone,1,1,2,3,2,15,0,4,0,20,0,0,0,2020.0
322,GWS Giants,Sarah Halvorsen,2,8,2,10,4,214,4,4,1,61,1,0,6,2020.0
323,Carlton,Sarah Hosking,7,51,31,82,28,738,18,22,0,366,2,1,13,2020.0
324,Melbourne,Sarah Lampard,6,24,27,51,17,468,9,9,0,191,1,0,6,2020.0
325,Melbourne,Sarah Perkins,3,14,8,22,14,383,6,9,7,130,3,0,18,2020.0
326,Collingwood,Sarah Rowe,7,72,31,103,20,1315,27,17,0,430,5,1,31,2020.0
327,Richmond,Sarah Sansonetti,6,11,26,37,17,334,2,25,0,194,0,0,0,2020.0
328,North Melbourne,Sarah Wright,7,27,33,60,28,526,16,10,0,236,1,0,6,2020.0
329,Gold Coast,Serene Watson,7,49,16,65,32,1158,6,16,0,255,0,0,0,2020.0
330,Brisbane,Shannon Campbell,7,42,18,60,25,980,11,9,0,220,0,0,0,2020.0
331,Collingwood,Sharni Norder,7,27,44,71,49,603,17,19,120,424,3,1,19,2020.0
332,Brisbane,Sharni Webb,7,23,25,48,24,569,6,15,2,190,0,0,0,2020.0
333,Melbourne,Shelley Heath,4,15,15,30,14,584,7,15,0,145,0,0,0,2020.0
334,Melbourne,Shelley Scott,7,52,26,78,39,1400,28,26,3,428,5,5,35,2020.0
335,Melbourne,Sin√©ad Goldrick,6,12,37,49,25,598,3,7,0,136,0,1,1,2020.0
336,North Melbourne,Sophie Abbatangelo,7,44,31,75,40,1047,15,18,0,338,6,5,41,2020.0
337,Collingwood,Sophie Alexander,5,12,8,20,6,241,8,5,1,119,3,2,20,2020.0
338,Collingwood,Sophie Casey,7,22,21,43,17,593,7,12,0,164,1,0,6,2020.0
339,Brisbane,Sophie Conway,7,60,20,80,26,1576,23,31,0,418,2,3,15,2020.0
340,Adelaide,Sophie Li,5,21,13,34,17,415,7,11,0,144,0,0,0,2020.0
341,West Coast,Sophie McDonald,5,26,6,32,11,549,5,11,0,142,0,0,0,2020.0
342,Richmond,Sophie Molan,6,16,31,47,28,468,6,16,0,179,0,0,0,2020.0
343,Geelong,Sophie Van De Heuvel,6,26,10,36,11,646,9,8,0,150,0,0,0,2020.0
344,Collingwood,Stacey Livingstone,7,56,13,69,28,1493,17,11,2,275,0,0,0,2020.0
345,Collingwood,Steph Chiocci,7,59,50,109,25,1320,25,22,0,447,1,0,6,2020.0
346,Fremantle,Stephanie Cain,1,0,1,1,1,-8,0,0,0,2,0,0,0,2020.0
347,Adelaide,Stevie-Lee Thompson,6,27,15,42,30,780,6,11,0,177,3,2,20,2020.0
348,Brisbane,Tahlia Hickie,1,1,0,1,0,25,0,0,3,3,0,0,0,2020.0
349,North Melbourne,Tahlia Randall,7,45,10,55,17,1218,18,14,0,253,0,0,0,2020.0
350,North Melbourne,Tahni Nestor,6,26,17,43,16,443,8,21,0,211,0,0,0,2020.0
351,GWS Giants,Tait Mackrill,3,22,17,39,16,689,10,5,0,135,0,2,2,2020.0
352,West Coast,Talia Radan,6,16,13,29,12,345,3,10,0,114,0,0,0,2020.0
353,St Kilda,Tamara Luke,1,7,3,10,5,105,3,1,1,43,0,0,0,2020.0
354,GWS Giants,Tanya Hetherington,7,31,23,54,18,640,11,7,0,192,0,0,0,2020.0
355,West Coast,Tarnee Tester,4,10,8,18,10,216,5,5,0,78,1,0,6,2020.0
356,St Kilda,Tarni White,4,28,5,33,8,820,13,7,0,155,0,0,0,2020.0
357,Carlton,Tayla Harris,7,55,18,73,46,1564,26,17,10,386,8,5,53,2020.0
358,Richmond,Tayla Stahl,4,30,2,32,9,673,10,15,0,174,1,1,7,2020.0
359,Gold Coast,Tayla Thorn,3,16,7,23,16,482,3,6,0,93,0,0,0,2020.0
360,GWS Giants,Taylah Davies,2,7,12,19,8,207,2,5,0,65,0,0,0,2020.0
361,Gold Coast,Taylor Smith,1,3,7,10,6,35,1,1,4,32,0,0,0,2020.0
362,Melbourne,Tegan Cunningham,7,15,17,32,19,221,10,16,3,173,2,4,16,2020.0
363,Gold Coast,Tiarna Ernst,7,30,25,55,27,892,5,15,0,216,1,1,7,2020.0
364,St Kilda,Tilly Lucas-Rodd,6,55,24,79,25,1145,14,14,0,308,0,0,0,2020.0
365,Gold Coast,Tori Groves-Little,1,4,1,5,2,77,0,1,0,12,0,0,0,2020.0
366,Melbourne,Tyla Hanks,7,44,29,73,36,846,9,33,0,341,0,3,3,2020.0
367,Carlton,Vaomua Laloifi,7,44,34,78,34,629,25,8,0,305,0,0,0,2020.0
368,North Melbourne,Vivien Saad,7,30,37,67,51,523,14,17,52,278,0,0,0,2020.0
369,GWS Giants,Yvonne Bonner,4,20,5,25,10,464,9,5,0,101,1,1,7,2020.0
